h-statistic,p-value
50.82297576404516,1.8828065173112273e-07
