h-statistic,p-value
186.00537011054533,2.7895852149308444e-38
